customer_number,Archetype
14,Gold_Silver_Essential
45,Gold_Silver_Essential
52,Gold_Silver_Traveller
61,Gold_Silver_Essential
63,Bronze_Traveller
67,Gold_Silver_Essential
68,Bronze_Traveller
71,Gold_Silver_Essential
77,Gold_Silver_Essential
81,Gold_Silver_Essential
83,Gold_Silver_Essential
85,Gold_Silver_Essential
108,Gold_Silver_Essential
110,Bronze_Traveller
111,Gold_Silver_Essential
117,Gold_Silver_Essential
119,Gold_Silver_Essential
123,Bronze_Essential
124,Gold_Silver_Essential
133,Gold_Silver_Essential
136,Bronze_Essential
140,Gold_Silver_Essential
144,Bronze_Traveller
149,Bronze_Traveller
153,Gold_Silver_Essential
156,Platinum_Essential
157,Platinum_Essential
166,Bronze_Essential
170,Platinum_Essential
176,Gold_Silver_Traveller
182,Gold_Silver_Essential
186,Platinum_Essential
187,Bronze_Essential
191,Gold_Silver_Essential
198,Gold_Silver_Essential
201,Gold_Silver_Essential
202,Gold_Silver_Essential
206,Platinum_Essential
212,Gold_Silver_Essential
215,Bronze_Essential
218,Platinum_Essential
221,Bronze_Essential
230,Bronze_Traveller
231,Platinum_Essential
232,Platinum_Essential
236,Gold_Silver_Essential
244,Gold_Silver_Essential
247,Gold_Silver_Essential
256,Gold_Silver_Essential
257,Gold_Silver_Essential
258,Bronze_Traveller
263,Platinum_Essential
269,Gold_Silver_Essential
275,Bronze_Traveller
276,Gold_Silver_Essential
277,Platinum_Essential
280,Gold_Silver_Traveller
281,Platinum_Essential
283,Platinum_Essential
305,Bronze_Traveller
308,Gold_Silver_Traveller
309,Gold_Silver_Traveller
312,Platinum_Essential
320,Gold_Silver_Essential
324,Bronze_Traveller
328,Bronze_Essential
341,Platinum_Essential
342,Gold_Silver_Essential
349,Platinum_Essential
350,Bronze_Essential
352,Gold_Silver_Essential
356,Gold_Silver_Traveller
357,Platinum_Essential
359,Gold_Silver_Essential
362,Gold_Silver_Essential
367,Platinum_Essential
368,Gold_Silver_Essential
372,Gold_Silver_Essential
385,Gold_Silver_Essential
386,Gold_Silver_Essential
395,Gold_Silver_Essential
398,Gold_Silver_Traveller
401,Gold_Silver_Traveller
404,Gold_Silver_Essential
409,Bronze_Essential
412,Gold_Silver_Traveller
419,Bronze_Essential
426,Gold_Silver_Essential
427,Gold_Silver_Essential
433,Gold_Silver_Essential
434,Gold_Silver_Traveller
445,Platinum_Essential
447,Bronze_Essential
459,Bronze_Essential
474,Gold_Silver_Essential
475,Gold_Silver_Essential
496,Gold_Silver_Essential
498,Platinum_Essential
507,Bronze_Essential
510,Gold_Silver_Essential
515,Gold_Silver_Traveller
521,Gold_Silver_Free
523,Bronze_Essential
535,Platinum_Essential
538,Gold_Silver_Essential
540,Gold_Silver_Essential
541,Bronze_Traveller
542,Gold_Silver_Essential
550,Gold_Silver_Essential
559,Gold_Silver_Essential
562,Gold_Silver_Essential
571,Bronze_Essential
572,Gold_Silver_Free
579,Platinum_Essential
584,Gold_Silver_Essential
588,Gold_Silver_Essential
589,Gold_Silver_Essential
594,Platinum_Essential
611,Gold_Silver_Essential
616,Gold_Silver_Essential
618,Bronze_Essential
620,Bronze_Traveller
635,Gold_Silver_Essential
646,Bronze_Traveller
647,Bronze_Essential
649,Bronze_Traveller
652,Bronze_Essential
655,Gold_Silver_Essential
657,Platinum_Essential
662,Gold_Silver_Essential
667,Platinum_Free
669,Gold_Silver_Traveller
674,Gold_Silver_Essential
687,Gold_Silver_Essential
697,Platinum_Essential
704,Platinum_Essential
711,Platinum_Essential
712,Bronze_Traveller
717,Gold_Silver_Essential
724,Gold_Silver_Essential
725,Gold_Silver_Essential
732,Gold_Silver_Traveller
734,Gold_Silver_Essential
735,Gold_Silver_Essential
737,Platinum_Essential
746,Gold_Silver_Essential
752,Platinum_Essential
755,Bronze_Traveller
759,Bronze_Traveller
770,Gold_Silver_Essential
777,Bronze_Traveller
786,Gold_Silver_Essential
787,Platinum_Essential
788,Bronze_Essential
792,Platinum_Free
795,Bronze_Traveller
808,Gold_Silver_Essential
825,Bronze_Traveller
827,Gold_Silver_Essential
828,Gold_Silver_Essential
832,Gold_Silver_Essential
838,Gold_Silver_Essential
846,Platinum_Essential
848,Gold_Silver_Essential
850,Bronze_Traveller
858,Gold_Silver_Essential
859,Bronze_Traveller
867,Bronze_Traveller
871,Platinum_Essential
872,Gold_Silver_Essential
896,Gold_Silver_Essential
898,Platinum_Essential
905,Gold_Silver_Essential
906,Gold_Silver_Essential
910,Platinum_Essential
912,Gold_Silver_Essential
914,Gold_Silver_Essential
919,Bronze_Essential
921,Platinum_Essential
925,Bronze_Traveller
928,Gold_Silver_Free
935,Bronze_Essential
937,Platinum_Essential
942,Gold_Silver_Essential
945,Bronze_Essential
946,Platinum_Essential
951,Gold_Silver_Traveller
953,Gold_Silver_Essential
972,Bronze_Traveller
974,Gold_Silver_Essential
977,Gold_Silver_Essential
1008,Gold_Silver_Essential
1015,Bronze_Traveller
1018,Platinum_Essential
1019,Platinum_Essential
1024,Bronze_Traveller
1030,Bronze_Traveller
1031,Bronze_Traveller
1037,Gold_Silver_Essential
1043,Gold_Silver_Essential
1045,Bronze_Traveller
1046,Platinum_Essential
1050,Bronze_Traveller
1060,Bronze_Essential
1064,Platinum_Essential
1071,Bronze_Essential
1073,Gold_Silver_Essential
1074,Gold_Silver_Essential
1075,Bronze_Traveller
1076,Gold_Silver_Essential
1078,Bronze_Traveller
1079,Gold_Silver_Essential
1081,Gold_Silver_Essential
1083,Gold_Silver_Essential
1089,Bronze_Traveller
1096,Gold_Silver_Traveller
1101,Bronze_Essential
1109,Gold_Silver_Essential
1113,Gold_Silver_Essential
1117,Gold_Silver_Essential
1118,Platinum_Essential
1121,Bronze_Essential
1122,Platinum_Essential
1128,Gold_Silver_Essential
1129,Gold_Silver_Essential
1143,Gold_Silver_Essential
1145,Bronze_Essential
1147,Gold_Silver_Essential
1149,Platinum_Essential
1152,Gold_Silver_Essential
1163,Gold_Silver_Essential
1168,Gold_Silver_Essential
1172,Gold_Silver_Essential
1174,Bronze_Traveller
1195,Gold_Silver_Essential
1201,Platinum_Essential
1206,Platinum_Essential
1212,Gold_Silver_Essential
1218,Bronze_Traveller
1222,Gold_Silver_Essential
1223,Gold_Silver_Essential
1224,Bronze_Traveller
1226,Gold_Silver_Essential
1228,Gold_Silver_Traveller
1233,Gold_Silver_Traveller
1241,Gold_Silver_Essential
1242,Bronze_Essential
1250,Gold_Silver_Essential
1253,Platinum_Essential
1254,Platinum_Essential
1257,Bronze_Essential
1265,Gold_Silver_Essential
1267,Gold_Silver_Essential
1268,Platinum_Essential
1281,Gold_Silver_Essential
1284,Bronze_Traveller
1286,Bronze_Essential
1292,Gold_Silver_Essential
1301,Gold_Silver_Essential
1308,Bronze_Essential
1322,Gold_Silver_Traveller
1325,Bronze_Essential
1330,Gold_Silver_Essential
1340,Gold_Silver_Essential
1357,Platinum_Essential
1364,Bronze_Essential
1378,Gold_Silver_Essential
1379,Bronze_Traveller
1382,Gold_Silver_Essential
1388,Gold_Silver_Essential
1395,Gold_Silver_Free
1397,Gold_Silver_Essential
1399,Gold_Silver_Essential
1406,Gold_Silver_Essential
1412,Gold_Silver_Essential
1413,Gold_Silver_Essential
1419,Gold_Silver_Essential
1421,Bronze_Essential
1432,Gold_Silver_Essential
1433,Gold_Silver_Essential
1437,Platinum_Essential
1442,Platinum_Essential
1446,Gold_Silver_Essential
1454,Gold_Silver_Essential
1461,Gold_Silver_Essential
1464,Bronze_Essential
1469,Bronze_Essential
1473,Bronze_Traveller
1474,Gold_Silver_Essential
1480,Platinum_Free
1484,Gold_Silver_Essential
1497,Gold_Silver_Essential
1500,Bronze_Traveller
1508,Gold_Silver_Essential
1509,Bronze_Traveller
1511,Bronze_Traveller
1514,Gold_Silver_Essential
1519,Bronze_Traveller
1520,Gold_Silver_Essential
1524,Gold_Silver_Essential
1529,Bronze_Essential
1540,Bronze_Traveller
1557,Gold_Silver_Essential
1559,Gold_Silver_Essential
1567,Gold_Silver_Essential
1579,Platinum_Essential
1580,Bronze_Essential
1588,Platinum_Essential
1589,Gold_Silver_Essential
1594,Platinum_Essential
1595,Gold_Silver_Essential
1604,Gold_Silver_Essential
1617,Gold_Silver_Essential
1623,Gold_Silver_Essential
1626,Gold_Silver_Essential
1642,Bronze_Traveller
1652,Gold_Silver_Essential
1654,Gold_Silver_Essential
1657,Bronze_Traveller
1663,Gold_Silver_Essential
1669,Bronze_Essential
1671,Gold_Silver_Essential
1676,Gold_Silver_Essential
1696,Gold_Silver_Essential
1697,Gold_Silver_Essential
1704,Bronze_Traveller
1707,Platinum_Essential
1712,Platinum_Essential
1716,Bronze_Essential
1717,Gold_Silver_Essential
1721,Gold_Silver_Essential
1722,Platinum_Essential
1730,Bronze_Essential
1731,Gold_Silver_Essential
1759,Platinum_Essential
1760,Gold_Silver_Essential
1762,Gold_Silver_Essential
1764,Bronze_Essential
1770,Bronze_Essential
1774,Gold_Silver_Essential
1780,Platinum_Essential
1793,Platinum_Essential
1799,Gold_Silver_Essential
1800,Gold_Silver_Essential
1805,Bronze_Traveller
1820,Gold_Silver_Essential
1831,Gold_Silver_Traveller
1832,Gold_Silver_Essential
1849,Gold_Silver_Essential
1864,Gold_Silver_Essential
1865,Bronze_Traveller
1868,Bronze_Traveller
1869,Gold_Silver_Essential
1874,Platinum_Essential
1886,Platinum_Essential
1891,Platinum_Free
1893,Bronze_Essential
1894,Gold_Silver_Essential
1901,Platinum_Essential
1903,Gold_Silver_Essential
1904,Gold_Silver_Essential
1905,Bronze_Essential
1910,Bronze_Traveller
1911,Gold_Silver_Essential
1918,Bronze_Essential
1922,Platinum_Essential
1923,Platinum_Essential
1925,Gold_Silver_Essential
1926,Platinum_Essential
1932,Bronze_Essential
1935,Gold_Silver_Traveller
1937,Gold_Silver_Essential
1938,Platinum_Essential
1939,Platinum_Essential
1943,Gold_Silver_Essential
1944,Gold_Silver_Essential
1969,Gold_Silver_Essential
1978,Gold_Silver_Essential
1979,Gold_Silver_Essential
1988,Gold_Silver_Essential
1989,Gold_Silver_Essential
1999,Gold_Silver_Essential
2011,Gold_Silver_Essential
2014,Gold_Silver_Essential
2019,Gold_Silver_Essential
2024,Platinum_Essential
2029,Bronze_Essential
2049,Gold_Silver_Essential
2056,Bronze_Traveller
2063,Gold_Silver_Essential
2066,Platinum_Essential
2067,Platinum_Essential
2083,Gold_Silver_Essential
2110,Bronze_Traveller
2111,Platinum_Essential
2117,Platinum_Essential
2125,Gold_Silver_Essential
2131,Gold_Silver_Essential
2132,Platinum_Free
2138,Gold_Silver_Traveller
2139,Gold_Silver_Traveller
2140,Gold_Silver_Essential
2141,Platinum_Essential
2146,Gold_Silver_Essential
2154,Bronze_Essential
2162,Bronze_Essential
2174,Gold_Silver_Essential
2177,Platinum_Free
2182,Bronze_Essential
2183,Bronze_Traveller
2192,Gold_Silver_Essential
2198,Gold_Silver_Essential
2207,Platinum_Essential
2209,Bronze_Essential
2214,Gold_Silver_Essential
2216,Gold_Silver_Essential
2225,Gold_Silver_Essential
2226,Gold_Silver_Essential
2232,Platinum_Free
2233,Platinum_Essential
2239,Gold_Silver_Essential
2242,Bronze_Essential
2243,Gold_Silver_Essential
2256,Gold_Silver_Essential
2260,Platinum_Essential
2263,Platinum_Essential
2275,Gold_Silver_Essential
2277,Gold_Silver_Essential
2279,Bronze_Essential
2282,Bronze_Essential
2290,Gold_Silver_Essential
2291,Gold_Silver_Essential
2301,Gold_Silver_Traveller
2312,Gold_Silver_Essential
2313,Bronze_Traveller
2322,Platinum_Essential
2326,Platinum_Free
2327,Bronze_Traveller
2352,Bronze_Traveller
2359,Gold_Silver_Traveller
2366,Platinum_Essential
2370,Gold_Silver_Essential
2376,Platinum_Essential
2377,Platinum_Free
2379,Bronze_Traveller
2388,Gold_Silver_Essential
2392,Bronze_Traveller
2414,Gold_Silver_Essential
2417,Gold_Silver_Essential
2427,Platinum_Essential
2431,Gold_Silver_Essential
2438,Bronze_Essential
2442,Gold_Silver_Essential
2445,Gold_Silver_Essential
2450,Platinum_Essential
2451,Gold_Silver_Essential
2452,Gold_Silver_Essential
2466,Bronze_Essential
2469,Platinum_Essential
2470,Gold_Silver_Essential
2473,Gold_Silver_Essential
2476,Platinum_Essential
2498,Gold_Silver_Essential
2499,Bronze_Essential
2500,Platinum_Essential
2501,Gold_Silver_Traveller
2503,Gold_Silver_Essential
2511,Gold_Silver_Essential
2514,Gold_Silver_Essential
2519,Bronze_Essential
2522,Bronze_Traveller
2532,Bronze_Essential
2539,Bronze_Essential
2559,Gold_Silver_Essential
2566,Bronze_Traveller
2568,Gold_Silver_Essential
2573,Gold_Silver_Essential
2575,Platinum_Free
2581,Gold_Silver_Essential
2588,Platinum_Essential
2590,Gold_Silver_Essential
2600,Gold_Silver_Essential
2603,Platinum_Essential
2604,Gold_Silver_Essential
2606,Gold_Silver_Essential
2614,Platinum_Essential
2622,Bronze_Essential
2623,Gold_Silver_Essential
2628,Platinum_Essential
2636,Gold_Silver_Essential
2638,Bronze_Traveller
2642,Platinum_Essential
2643,Gold_Silver_Essential
2645,Bronze_Essential
2649,Platinum_Essential
2653,Gold_Silver_Essential
2657,Gold_Silver_Essential
2660,Platinum_Essential
2662,Gold_Silver_Essential
2664,Bronze_Essential
2667,Gold_Silver_Essential
2669,Bronze_Traveller
2671,Gold_Silver_Essential
2678,Platinum_Essential
2684,Platinum_Essential
2692,Platinum_Free
2695,Bronze_Essential
2705,Gold_Silver_Essential
2716,Gold_Silver_Essential
2737,Gold_Silver_Essential
2744,Gold_Silver_Essential
2754,Platinum_Essential
2758,Gold_Silver_Essential
2760,Gold_Silver_Traveller
2761,Gold_Silver_Essential
2764,Bronze_Essential
2772,Platinum_Essential
2777,Platinum_Essential
2780,Gold_Silver_Essential
2782,Bronze_Traveller
2784,Gold_Silver_Essential
2792,Bronze_Traveller
2795,Bronze_Traveller
2798,Gold_Silver_Essential
2802,Platinum_Free
2807,Gold_Silver_Essential
2820,Bronze_Traveller
2832,Gold_Silver_Essential
2833,Gold_Silver_Essential
2834,Gold_Silver_Essential
2837,Platinum_Essential
2842,Bronze_Essential
2848,Gold_Silver_Essential
2852,Platinum_Essential
2856,Gold_Silver_Essential
2861,Gold_Silver_Essential
2862,Gold_Silver_Essential
2865,Gold_Silver_Essential
2870,Bronze_Essential
2874,Platinum_Essential
2880,Bronze_Traveller
2882,Gold_Silver_Essential
2883,Platinum_Essential
2888,Platinum_Essential
2892,Platinum_Essential
2897,Platinum_Essential
2898,Bronze_Essential
2899,Bronze_Traveller
2901,Gold_Silver_Essential
2903,Bronze_Essential
2905,Gold_Silver_Essential
2906,Platinum_Essential
2916,Gold_Silver_Essential
2917,Gold_Silver_Essential
2920,Gold_Silver_Essential
2921,Gold_Silver_Essential
2922,Gold_Silver_Traveller
2923,Gold_Silver_Essential
2925,Gold_Silver_Essential
2928,Gold_Silver_Essential
2937,Gold_Silver_Essential
2977,Platinum_Essential
2981,Bronze_Essential
2982,Platinum_Essential
2986,Platinum_Essential
2988,Gold_Silver_Free
2989,Bronze_Essential
2994,Gold_Silver_Essential
3003,Platinum_Essential
3004,Gold_Silver_Essential
3008,Platinum_Essential
3023,Gold_Silver_Essential
3027,Bronze_Traveller
3028,Gold_Silver_Essential
3038,Platinum_Essential
3046,Bronze_Traveller
3050,Bronze_Traveller
3054,Bronze_Traveller
3064,Bronze_Traveller
3065,Bronze_Essential
3066,Gold_Silver_Essential
3070,Gold_Silver_Free
3076,Gold_Silver_Essential
3087,Bronze_Essential
3092,Platinum_Essential
3096,Gold_Silver_Essential
3116,Platinum_Free
3117,Gold_Silver_Essential
3122,Platinum_Essential
3126,Gold_Silver_Essential
3127,Gold_Silver_Essential
3128,Platinum_Essential
3139,Platinum_Essential
3144,Gold_Silver_Essential
3145,Bronze_Essential
3148,Gold_Silver_Traveller
3149,Bronze_Essential
3152,Gold_Silver_Essential
3155,Bronze_Traveller
3158,Platinum_Essential
3165,Platinum_Essential
3167,Gold_Silver_Essential
3168,Bronze_Traveller
3170,Gold_Silver_Essential
3172,Gold_Silver_Essential
3176,Platinum_Essential
3177,Gold_Silver_Essential
3181,Bronze_Traveller
3182,Platinum_Essential
3193,Gold_Silver_Traveller
3196,Gold_Silver_Essential
3200,Gold_Silver_Essential
3202,Platinum_Essential
3203,Gold_Silver_Essential
3210,Platinum_Essential
3213,Gold_Silver_Essential
3214,Platinum_Essential
3218,Bronze_Traveller
3230,Gold_Silver_Essential
3243,Gold_Silver_Essential
3269,Bronze_Essential
3278,Gold_Silver_Essential
3289,Bronze_Essential
3293,Platinum_Essential
3311,Gold_Silver_Essential
3315,Bronze_Essential
3325,Bronze_Traveller
3331,Gold_Silver_Essential
3351,Gold_Silver_Essential
3353,Gold_Silver_Essential
3355,Bronze_Essential
3363,Bronze_Traveller
3386,Gold_Silver_Essential
3391,Gold_Silver_Essential
3394,Gold_Silver_Essential
3395,Bronze_Traveller
3398,Gold_Silver_Essential
3420,Gold_Silver_Traveller
3424,Bronze_Essential
3431,Gold_Silver_Essential
3433,Gold_Silver_Essential
3446,Platinum_Essential
3447,Gold_Silver_Essential
3451,Gold_Silver_Essential
3452,Platinum_Essential
3455,Platinum_Essential
3457,Bronze_Traveller
3458,Gold_Silver_Essential
3463,Gold_Silver_Essential
3468,Gold_Silver_Essential
3472,Gold_Silver_Traveller
3497,Gold_Silver_Essential
3513,Gold_Silver_Essential
3529,Gold_Silver_Essential
3530,Bronze_Essential
3541,Gold_Silver_Traveller
3545,Bronze_Traveller
3552,Gold_Silver_Essential
3555,Gold_Silver_Essential
3566,Gold_Silver_Free
3568,Gold_Silver_Essential
3570,Platinum_Essential
3571,Platinum_Free
3579,Gold_Silver_Essential
3583,Platinum_Essential
3586,Gold_Silver_Essential
3587,Gold_Silver_Essential
3594,Platinum_Free
3597,Platinum_Free
3605,Platinum_Free
3606,Platinum_Free
3613,Platinum_Free
3617,Gold_Silver_Traveller
3622,Platinum_Free
3633,Bronze_Traveller
3636,Platinum_Free
3641,Gold_Silver_Essential
3644,Platinum_Free
3647,Platinum_Free
3660,Platinum_Free
3663,Platinum_Free
3671,Bronze_Traveller
3676,Platinum_Free
3679,Gold_Silver_Traveller
3685,Gold_Silver_Free
3686,Platinum_Free
3690,Gold_Silver_Free
3693,Gold_Silver_Traveller
3695,Gold_Silver_Essential
3701,Gold_Silver_Free
3702,Gold_Silver_Essential
3711,Platinum_Essential
3715,Platinum_Free
3727,Platinum_Free
3728,Gold_Silver_Free
3730,Bronze_Essential
3733,Gold_Silver_Free
3740,Gold_Silver_Traveller
3741,Bronze_Traveller
3745,Gold_Silver_Essential
3756,Platinum_Essential
3759,Bronze_Traveller
3760,Bronze_Traveller
3763,Platinum_Free
3780,Gold_Silver_Free
3781,Gold_Silver_Traveller
3789,Gold_Silver_Essential
3798,Platinum_Essential
3817,Platinum_Free
3818,Bronze_Traveller
3819,Gold_Silver_Traveller
3820,Gold_Silver_Free
3830,Platinum_Free
3838,Gold_Silver_Traveller
3839,Platinum_Free
3843,Gold_Silver_Free
3844,Gold_Silver_Essential
3845,Gold_Silver_Traveller
3848,Platinum_Free
3855,Gold_Silver_Traveller
3865,Platinum_Essential
3870,Bronze_Traveller
3877,Bronze_Traveller
3881,Gold_Silver_Traveller
3887,Platinum_Free
3892,Platinum_Free
3893,Platinum_Free
3902,Gold_Silver_Free
3940,Bronze_Traveller
3945,Platinum_Free
3947,Platinum_Free
3949,Platinum_Free
3953,Gold_Silver_Traveller
3961,Platinum_Essential
3967,Bronze_Traveller
3968,Bronze_Traveller
3973,Bronze_Traveller
3978,Platinum_Free
3990,Gold_Silver_Traveller
3997,Gold_Silver_Free
4005,Gold_Silver_Essential
4006,Bronze_Traveller
4020,Gold_Silver_Essential
4024,Bronze_Traveller
4025,Gold_Silver_Free
4028,Gold_Silver_Free
4030,Platinum_Essential
4035,Gold_Silver_Free
4042,Gold_Silver_Traveller
4044,Platinum_Free
4045,Gold_Silver_Essential
4047,Platinum_Free
4051,Bronze_Essential
4053,Gold_Silver_Free
4063,Platinum_Free
4066,Bronze_Traveller
4069,Gold_Silver_Free
4070,Platinum_Free
4073,Platinum_Essential
4075,Gold_Silver_Traveller
4079,Platinum_Free
4082,Bronze_Traveller
4083,Platinum_Free
4084,Bronze_Traveller
4086,Gold_Silver_Essential
4098,Gold_Silver_Free
4109,Gold_Silver_Free
4118,Gold_Silver_Traveller
4134,Platinum_Free
4135,Gold_Silver_Essential
4140,Platinum_Free
4149,Gold_Silver_Traveller
4151,Platinum_Free
4158,Gold_Silver_Free
4163,Platinum_Free
4166,Gold_Silver_Free
4173,Bronze_Traveller
4176,Gold_Silver_Essential
4187,Gold_Silver_Free
4188,Gold_Silver_Traveller
4193,Platinum_Free
4207,Platinum_Free
4219,Platinum_Free
4231,Gold_Silver_Free
4232,Platinum_Free
4235,Bronze_Essential
4238,Platinum_Free
4242,Bronze_Traveller
4243,Gold_Silver_Essential
4245,Platinum_Free
4254,Gold_Silver_Traveller
4257,Gold_Silver_Traveller
4258,Gold_Silver_Free
4268,Bronze_Essential
4278,Gold_Silver_Essential
4279,Gold_Silver_Traveller
4280,Gold_Silver_Traveller
4285,Gold_Silver_Traveller
4290,Platinum_Essential
4294,Gold_Silver_Free
4300,Platinum_Essential
4305,Bronze_Traveller
4307,Platinum_Free
4323,Platinum_Essential
4338,Gold_Silver_Traveller
4339,Platinum_Essential
4348,Bronze_Essential
4351,Gold_Silver_Traveller
4354,Platinum_Free
4355,Gold_Silver_Essential
4361,Gold_Silver_Essential
4365,Platinum_Essential
4368,Platinum_Free
4376,Bronze_Traveller
4378,Gold_Silver_Essential
4383,Gold_Silver_Free
4384,Platinum_Free
4391,Gold_Silver_Free
4407,Gold_Silver_Free
4411,Gold_Silver_Free
4416,Platinum_Essential
4421,Platinum_Free
4423,Platinum_Free
4434,Platinum_Free
4437,Gold_Silver_Traveller
4440,Platinum_Free
4446,Bronze_Essential
4451,Gold_Silver_Traveller
4453,Platinum_Free
4454,Platinum_Free
4455,Platinum_Free
4459,Platinum_Free
4460,Bronze_Traveller
4481,Gold_Silver_Traveller
4484,Gold_Silver_Traveller
4496,Gold_Silver_Free
4497,Gold_Silver_Traveller
4499,Platinum_Essential
4500,Gold_Silver_Essential
4503,Gold_Silver_Free
4513,Platinum_Free
4517,Gold_Silver_Traveller
4518,Platinum_Free
4547,Gold_Silver_Traveller
4549,Gold_Silver_Free
4552,Platinum_Free
4559,Platinum_Free
4570,Gold_Silver_Free
4572,Gold_Silver_Free
4581,Platinum_Free
4586,Platinum_Free
4587,Gold_Silver_Free
4593,Gold_Silver_Free
4597,Gold_Silver_Traveller
4600,Platinum_Essential
4603,Platinum_Free
4608,Platinum_Free
4620,Gold_Silver_Free
4622,Platinum_Free
4636,Bronze_Essential
4637,Gold_Silver_Free
4639,Gold_Silver_Traveller
4648,Platinum_Free
4664,Platinum_Free
4667,Platinum_Free
4669,Gold_Silver_Free
4670,Platinum_Free
4675,Platinum_Free
4683,Gold_Silver_Traveller
4691,Platinum_Free
4694,Bronze_Traveller
4696,Platinum_Essential
4703,Gold_Silver_Free
4709,Gold_Silver_Traveller
4711,Platinum_Free
4715,Gold_Silver_Free
4724,Bronze_Traveller
4725,Gold_Silver_Free
4726,Platinum_Essential
4730,Bronze_Traveller
4740,Platinum_Essential
4745,Bronze_Traveller
4749,Gold_Silver_Traveller
4754,Platinum_Free
4757,Gold_Silver_Essential
4769,Platinum_Free
4770,Platinum_Free
4776,Gold_Silver_Free
4781,Gold_Silver_Traveller
4790,Bronze_Traveller
4794,Gold_Silver_Essential
4801,Bronze_Traveller
4804,Platinum_Free
4805,Gold_Silver_Free
4806,Bronze_Traveller
4807,Gold_Silver_Free
4810,Platinum_Essential
4812,Gold_Silver_Free
4833,Bronze_Traveller
4836,Bronze_Essential
4848,Gold_Silver_Traveller
4857,Platinum_Free
4861,Gold_Silver_Traveller
4865,Gold_Silver_Essential
4869,Gold_Silver_Free
4873,Gold_Silver_Free
4875,Gold_Silver_Free
4876,Platinum_Free
4880,Platinum_Free
4882,Platinum_Free
4895,Gold_Silver_Free
4897,Platinum_Free
4900,Gold_Silver_Free
4905,Platinum_Free
4917,Gold_Silver_Free
4919,Gold_Silver_Free
4922,Gold_Silver_Free
4924,Platinum_Free
4934,Gold_Silver_Free
4941,Platinum_Essential
4942,Platinum_Free
4949,Gold_Silver_Traveller
4970,Bronze_Essential
4976,Platinum_Free
4978,Gold_Silver_Essential
4984,Gold_Silver_Free
4993,Platinum_Free
4994,Platinum_Free
5006,Gold_Silver_Traveller
5008,Gold_Silver_Traveller
5009,Platinum_Free
5011,Platinum_Free
5013,Platinum_Free
5025,Platinum_Free
5029,Gold_Silver_Free
5031,Bronze_Traveller
5036,Gold_Silver_Free
5044,Gold_Silver_Traveller
5050,Bronze_Traveller
5053,Platinum_Free
5055,Gold_Silver_Traveller
5056,Platinum_Free
5057,Platinum_Free
5058,Platinum_Free
5060,Platinum_Essential
5066,Gold_Silver_Essential
5076,Platinum_Free
5080,Gold_Silver_Essential
5081,Bronze_Traveller
5090,Platinum_Free
5091,Platinum_Free
5092,Gold_Silver_Free
5093,Platinum_Essential
5104,Gold_Silver_Free
5105,Gold_Silver_Essential
5107,Platinum_Free
5110,Platinum_Free
5130,Bronze_Traveller
5134,Platinum_Free
5137,Platinum_Free
5146,Gold_Silver_Traveller
5169,Platinum_Free
5170,Gold_Silver_Essential
5175,Platinum_Essential
5179,Gold_Silver_Free
5185,Platinum_Free
5189,Platinum_Free
5198,Gold_Silver_Free
5204,Platinum_Free
5215,Gold_Silver_Free
5233,Platinum_Essential
5234,Bronze_Traveller
5240,Gold_Silver_Essential
5242,Bronze_Essential
5246,Gold_Silver_Traveller
5256,Platinum_Free
5261,Bronze_Traveller
5264,Bronze_Traveller
5268,Gold_Silver_Traveller
5275,Bronze_Traveller
5284,Platinum_Free
5290,Platinum_Free
5296,Gold_Silver_Free
5310,Gold_Silver_Traveller
5319,Gold_Silver_Free
5320,Platinum_Free
5321,Bronze_Essential
5328,Platinum_Free
5330,Bronze_Traveller
5331,Platinum_Free
5332,Platinum_Free
5339,Bronze_Traveller
5340,Platinum_Free
5345,Gold_Silver_Traveller
5351,Bronze_Traveller
5356,Gold_Silver_Traveller
5358,Gold_Silver_Traveller
5360,Platinum_Free
5363,Platinum_Free
5364,Gold_Silver_Free
5365,Gold_Silver_Free
5373,Gold_Silver_Traveller
5377,Platinum_Free
5378,Platinum_Free
5393,Gold_Silver_Free
5399,Gold_Silver_Free
5407,Bronze_Essential
5426,Platinum_Free
5431,Gold_Silver_Free
5440,Bronze_Traveller
5453,Bronze_Essential
5455,Gold_Silver_Free
5457,Gold_Silver_Traveller
5460,Platinum_Free
5467,Platinum_Essential
5470,Platinum_Free
5472,Gold_Silver_Traveller
5485,Gold_Silver_Traveller
5492,Gold_Silver_Free
5498,Gold_Silver_Free
5501,Platinum_Free
5502,Platinum_Free
5503,Bronze_Traveller
5510,Platinum_Free
5512,Platinum_Essential
5518,Platinum_Free
5530,Gold_Silver_Traveller
5533,Gold_Silver_Traveller
5540,Gold_Silver_Free
5542,Bronze_Essential
5543,Platinum_Free
5544,Platinum_Free
5550,Gold_Silver_Free
5553,Gold_Silver_Essential
5556,Bronze_Traveller
5557,Gold_Silver_Essential
5558,Gold_Silver_Free
5561,Platinum_Free
5562,Platinum_Essential
5578,Platinum_Free
5580,Platinum_Free
5593,Gold_Silver_Traveller
5596,Platinum_Free
5601,Gold_Silver_Free
5615,Gold_Silver_Traveller
5622,Platinum_Free
5625,Gold_Silver_Free
5630,Bronze_Traveller
5631,Platinum_Free
5635,Bronze_Traveller
5636,Gold_Silver_Essential
5641,Gold_Silver_Free
5642,Gold_Silver_Traveller
5647,Platinum_Free
5664,Platinum_Free
5665,Gold_Silver_Traveller
5667,Gold_Silver_Free
5676,Platinum_Free
5679,Gold_Silver_Free
5696,Platinum_Free
5702,Gold_Silver_Traveller
5703,Platinum_Free
5704,Platinum_Free
5706,Gold_Silver_Essential
5709,Platinum_Free
5722,Platinum_Free
5730,Platinum_Essential
5731,Platinum_Free
5754,Gold_Silver_Free
5764,Platinum_Free
5765,Gold_Silver_Free
5785,Bronze_Traveller
5799,Bronze_Traveller
5802,Gold_Silver_Free
5806,Gold_Silver_Free
5817,Platinum_Free
5831,Platinum_Essential
5832,Bronze_Traveller
5852,Platinum_Free
5858,Gold_Silver_Traveller
5860,Platinum_Free
5864,Platinum_Free
5868,Bronze_Traveller
5869,Gold_Silver_Traveller
5871,Gold_Silver_Traveller
5878,Platinum_Essential
5888,Gold_Silver_Free
5901,Gold_Silver_Essential
5903,Platinum_Free
5908,Platinum_Free
5920,Platinum_Free
5927,Bronze_Essential
5936,Bronze_Essential
5942,Bronze_Traveller
5943,Bronze_Traveller
5944,Platinum_Free
5948,Platinum_Free
5949,Gold_Silver_Essential
5950,Gold_Silver_Essential
5951,Gold_Silver_Free
5956,Gold_Silver_Essential
5965,Bronze_Essential
5984,Gold_Silver_Free
5985,Platinum_Essential
5986,Gold_Silver_Free
5989,Bronze_Traveller
5994,Gold_Silver_Essential
5995,Platinum_Free
6000,Bronze_Traveller
6001,Platinum_Free
6002,Platinum_Free
6012,Gold_Silver_Essential
6021,Platinum_Free
6022,Bronze_Traveller
6024,Bronze_Traveller
6028,Gold_Silver_Traveller
6032,Gold_Silver_Essential
6040,Gold_Silver_Essential
6042,Platinum_Free
6043,Bronze_Traveller
6056,Platinum_Free
6059,Gold_Silver_Essential
6063,Platinum_Free
6067,Gold_Silver_Free
6069,Bronze_Traveller
6070,Gold_Silver_Free
6072,Gold_Silver_Free
6073,Gold_Silver_Traveller
6074,Gold_Silver_Traveller
6079,Platinum_Free
6080,Platinum_Free
6081,Gold_Silver_Free
6083,Platinum_Free
6086,Platinum_Free
6089,Platinum_Free
6097,Gold_Silver_Free
6114,Platinum_Free
6115,Gold_Silver_Free
6117,Gold_Silver_Free
6120,Platinum_Free
6124,Gold_Silver_Free
6126,Platinum_Free
6144,Bronze_Traveller
6153,Gold_Silver_Free
6159,Gold_Silver_Traveller
6160,Bronze_Traveller
6162,Bronze_Essential
6170,Bronze_Essential
6177,Platinum_Free
6180,Platinum_Free
6189,Platinum_Free
6197,Platinum_Free
6220,Platinum_Free
6229,Gold_Silver_Free
6235,Bronze_Essential
6237,Gold_Silver_Traveller
6239,Platinum_Free
6240,Bronze_Essential
6245,Bronze_Traveller
6246,Gold_Silver_Free
6248,Platinum_Free
6250,Gold_Silver_Traveller
6251,Gold_Silver_Essential
6252,Gold_Silver_Free
6254,Gold_Silver_Free
6258,Gold_Silver_Free
6267,Gold_Silver_Traveller
6270,Platinum_Free
6292,Gold_Silver_Traveller
6294,Gold_Silver_Essential
6299,Platinum_Essential
6305,Gold_Silver_Traveller
6314,Gold_Silver_Free
6327,Gold_Silver_Free
6330,Gold_Silver_Essential
6333,Platinum_Free
6335,Bronze_Traveller
6340,Gold_Silver_Free
6344,Gold_Silver_Essential
6348,Platinum_Essential
6350,Bronze_Traveller
6355,Platinum_Free
6358,Gold_Silver_Free
6365,Gold_Silver_Essential
6370,Platinum_Free
6394,Gold_Silver_Traveller
6395,Gold_Silver_Free
6396,Bronze_Traveller
6409,Bronze_Traveller
6414,Gold_Silver_Free
6415,Gold_Silver_Free
6428,Gold_Silver_Essential
6432,Bronze_Essential
6434,Gold_Silver_Essential
6441,Gold_Silver_Free
6453,Platinum_Free
6454,Gold_Silver_Free
6460,Bronze_Essential
6461,Platinum_Free
6462,Platinum_Free
6465,Platinum_Free
6468,Gold_Silver_Free
6470,Bronze_Essential
6471,Gold_Silver_Essential
6483,Platinum_Free
6497,Platinum_Essential
6506,Platinum_Free
6521,Platinum_Essential
6523,Gold_Silver_Traveller
6536,Platinum_Essential
6537,Gold_Silver_Free
6538,Gold_Silver_Free
6540,Bronze_Traveller
6541,Gold_Silver_Free
6558,Gold_Silver_Traveller
6562,Platinum_Free
6565,Platinum_Free
6566,Gold_Silver_Essential
6569,Platinum_Free
6573,Platinum_Free
6587,Platinum_Essential
6588,Bronze_Essential
6590,Gold_Silver_Essential
6600,Platinum_Essential
6602,Platinum_Free
6609,Gold_Silver_Essential
6618,Gold_Silver_Free
6620,Gold_Silver_Essential
6621,Gold_Silver_Free
6622,Gold_Silver_Traveller
6631,Gold_Silver_Free
6632,Platinum_Free
6647,Platinum_Free
6654,Gold_Silver_Essential
6668,Platinum_Free
6674,Bronze_Traveller
6680,Gold_Silver_Free
6695,Platinum_Free
6701,Gold_Silver_Traveller
6709,Gold_Silver_Free
6712,Gold_Silver_Free
6716,Gold_Silver_Free
6731,Bronze_Traveller
6738,Platinum_Free
6744,Platinum_Free
6745,Bronze_Traveller
6748,Gold_Silver_Free
6750,Gold_Silver_Free
6751,Gold_Silver_Free
6752,Gold_Silver_Free
6759,Platinum_Essential
6760,Gold_Silver_Essential
6762,Platinum_Free
6764,Gold_Silver_Free
6778,Bronze_Essential
6781,Platinum_Free
6787,Gold_Silver_Essential
6791,Bronze_Traveller
6795,Platinum_Free
6797,Platinum_Free
6798,Gold_Silver_Free
6802,Platinum_Free
6804,Gold_Silver_Free
6805,Gold_Silver_Traveller
6806,Bronze_Essential
6809,Gold_Silver_Essential
6811,Gold_Silver_Essential
6832,Gold_Silver_Free
6834,Gold_Silver_Traveller
6847,Gold_Silver_Free
6848,Platinum_Free
6856,Gold_Silver_Traveller
6871,Gold_Silver_Free
6875,Gold_Silver_Essential
6889,Platinum_Free
6894,Gold_Silver_Essential
6899,Platinum_Free
6904,Platinum_Free
6913,Gold_Silver_Essential
6917,Bronze_Essential
6920,Gold_Silver_Free
6922,Gold_Silver_Essential
6923,Gold_Silver_Traveller
6924,Platinum_Free
6937,Gold_Silver_Free
6939,Gold_Silver_Traveller
6940,Gold_Silver_Free
6945,Gold_Silver_Traveller
6948,Gold_Silver_Essential
6950,Bronze_Traveller
6951,Gold_Silver_Free
6952,Platinum_Essential
6953,Bronze_Traveller
6954,Bronze_Traveller
6955,Bronze_Essential
6967,Gold_Silver_Essential
6970,Bronze_Essential
6981,Gold_Silver_Traveller
6985,Gold_Silver_Essential
6989,Gold_Silver_Essential
6992,Gold_Silver_Essential
7005,Platinum_Essential
7010,Gold_Silver_Essential
7013,Platinum_Free
7016,Platinum_Free
7017,Bronze_Essential
7019,Bronze_Essential
7032,Gold_Silver_Free
7036,Bronze_Traveller
7041,Bronze_Traveller
7044,Bronze_Essential
7046,Gold_Silver_Free
7053,Gold_Silver_Free
7061,Bronze_Traveller
7063,Bronze_Essential
7064,Gold_Silver_Essential
7067,Platinum_Free
7068,Gold_Silver_Free
7074,Platinum_Essential
7077,Bronze_Traveller
7079,Gold_Silver_Essential
7083,Gold_Silver_Free
7091,Bronze_Essential
7093,Gold_Silver_Free
7094,Bronze_Essential
7104,Platinum_Free
7110,Gold_Silver_Essential
7124,Gold_Silver_Essential
7126,Gold_Silver_Free
7127,Gold_Silver_Free
7130,Bronze_Essential
7131,Gold_Silver_Free
7132,Bronze_Traveller
7135,Bronze_Essential
7138,Gold_Silver_Essential
7141,Gold_Silver_Essential
7145,Bronze_Essential
7146,Gold_Silver_Essential
7148,Gold_Silver_Essential
7150,Bronze_Traveller
7158,Gold_Silver_Essential
7161,Bronze_Essential
7172,Gold_Silver_Traveller
7175,Gold_Silver_Essential
7191,Platinum_Free
7199,Platinum_Free
7210,Gold_Silver_Essential
7219,Gold_Silver_Essential
7250,Platinum_Free
7251,Bronze_Essential
7257,Bronze_Essential
7263,Gold_Silver_Free
7269,Gold_Silver_Essential
7276,Platinum_Free
7280,Gold_Silver_Essential
7289,Gold_Silver_Essential
7299,Gold_Silver_Traveller
7302,Platinum_Free
7303,Platinum_Free
7307,Platinum_Essential
7314,Gold_Silver_Essential
7329,Gold_Silver_Essential
7330,Gold_Silver_Traveller
7331,Gold_Silver_Essential
7334,Gold_Silver_Essential
7336,Gold_Silver_Essential
7342,Platinum_Free
7345,Gold_Silver_Essential
7346,Bronze_Traveller
7359,Gold_Silver_Free
7362,Gold_Silver_Free
7365,Gold_Silver_Free
7368,Bronze_Traveller
7372,Gold_Silver_Essential
7379,Bronze_Essential
7384,Platinum_Essential
7385,Gold_Silver_Free
7386,Gold_Silver_Free
7399,Bronze_Essential
7401,Bronze_Essential
7405,Platinum_Essential
7406,Platinum_Essential
7407,Gold_Silver_Free
7414,Platinum_Essential
7418,Gold_Silver_Free
7422,Bronze_Traveller
7428,Gold_Silver_Essential
7433,Gold_Silver_Essential
7435,Gold_Silver_Essential
7436,Gold_Silver_Essential
7448,Gold_Silver_Essential
7454,Gold_Silver_Free
7458,Platinum_Free
7460,Gold_Silver_Free
7462,Platinum_Essential
7470,Bronze_Essential
7478,Bronze_Essential
7479,Bronze_Traveller
7484,Gold_Silver_Essential
7494,Platinum_Essential
7499,Gold_Silver_Essential
7513,Gold_Silver_Traveller
7516,Platinum_Free
7517,Gold_Silver_Essential
7518,Gold_Silver_Free
7520,Bronze_Essential
7529,Gold_Silver_Free
7531,Gold_Silver_Free
7536,Platinum_Free
7538,Platinum_Free
7554,Gold_Silver_Essential
7559,Platinum_Essential
7560,Gold_Silver_Traveller
7572,Gold_Silver_Essential
7576,Gold_Silver_Essential
7587,Gold_Silver_Essential
7604,Platinum_Free
7607,Platinum_Free
7620,Bronze_Traveller
7621,Gold_Silver_Essential
7626,Gold_Silver_Essential
7643,Platinum_Essential
7644,Gold_Silver_Essential
7650,Gold_Silver_Traveller
7658,Platinum_Free
7660,Platinum_Free
7665,Gold_Silver_Traveller
7675,Gold_Silver_Essential
7683,Gold_Silver_Essential
7699,Platinum_Essential
7700,Gold_Silver_Free
7705,Bronze_Essential
7710,Gold_Silver_Free
7715,Gold_Silver_Essential
7726,Gold_Silver_Essential
7729,Gold_Silver_Essential
7747,Platinum_Free
7756,Gold_Silver_Essential
7758,Bronze_Traveller
7773,Bronze_Essential
7782,Gold_Silver_Essential
7789,Gold_Silver_Essential
7792,Gold_Silver_Essential
7806,Gold_Silver_Free
7814,Gold_Silver_Essential
7816,Platinum_Free
7823,Platinum_Essential
7825,Gold_Silver_Essential
7830,Gold_Silver_Traveller
7840,Bronze_Essential
7843,Gold_Silver_Free
7849,Gold_Silver_Free
7855,Platinum_Free
7874,Bronze_Essential
7881,Platinum_Essential
7884,Bronze_Traveller
7897,Gold_Silver_Free
7903,Gold_Silver_Essential
7905,Gold_Silver_Essential
7910,Bronze_Traveller
7914,Gold_Silver_Essential
7944,Platinum_Essential
7955,Gold_Silver_Essential
7957,Gold_Silver_Essential
7964,Platinum_Free
7969,Bronze_Essential
7973,Bronze_Essential
7977,Platinum_Free
7991,Bronze_Essential
7996,Platinum_Essential
8011,Platinum_Free
8022,Gold_Silver_Essential
8061,Bronze_Essential
8062,Bronze_Essential
8065,Gold_Silver_Free
8066,Platinum_Essential
8069,Bronze_Essential
8071,Platinum_Free
8074,Gold_Silver_Essential
8087,Gold_Silver_Free
8092,Gold_Silver_Essential
8099,Gold_Silver_Traveller
8108,Platinum_Free
8115,Gold_Silver_Free
8116,Gold_Silver_Essential
8118,Gold_Silver_Essential
8119,Bronze_Traveller
8137,Gold_Silver_Traveller
8142,Platinum_Essential
8145,Platinum_Free
8152,Platinum_Free
8154,Bronze_Essential
8165,Gold_Silver_Traveller
8171,Gold_Silver_Essential
8178,Platinum_Free
8179,Platinum_Essential
8181,Bronze_Traveller
8198,Bronze_Essential
8207,Platinum_Essential
8217,Gold_Silver_Essential
8220,Gold_Silver_Essential
8226,Platinum_Free
8245,Gold_Silver_Essential
8247,Gold_Silver_Essential
8248,Gold_Silver_Essential
8251,Bronze_Essential
8255,Bronze_Essential
8257,Gold_Silver_Essential
8266,Bronze_Essential
8270,Bronze_Traveller
8275,Bronze_Essential
8284,Platinum_Free
8287,Platinum_Essential
8294,Platinum_Essential
8299,Gold_Silver_Essential
8305,Bronze_Traveller
8307,Bronze_Essential
8322,Gold_Silver_Free
8325,Bronze_Essential
8326,Bronze_Traveller
8331,Platinum_Essential
8333,Platinum_Essential
8335,Gold_Silver_Essential
8336,Platinum_Free
8338,Gold_Silver_Essential
8341,Bronze_Traveller
8360,Gold_Silver_Free
8371,Gold_Silver_Free
8373,Gold_Silver_Essential
8377,Bronze_Essential
8380,Gold_Silver_Essential
8381,Gold_Silver_Traveller
8387,Platinum_Essential
8388,Bronze_Traveller
8391,Gold_Silver_Essential
8392,Gold_Silver_Free
8407,Gold_Silver_Essential
8410,Bronze_Essential
8417,Platinum_Free
8427,Platinum_Essential
8428,Gold_Silver_Essential
8429,Gold_Silver_Free
8434,Platinum_Essential
8442,Gold_Silver_Free
8450,Gold_Silver_Free
8455,Gold_Silver_Free
8456,Gold_Silver_Essential
8459,Gold_Silver_Essential
8461,Platinum_Free
8464,Platinum_Free
8477,Bronze_Essential
8478,Gold_Silver_Free
8485,Platinum_Essential
8488,Gold_Silver_Free
8504,Gold_Silver_Essential
8519,Gold_Silver_Essential
8520,Gold_Silver_Free
8523,Gold_Silver_Free
8536,Gold_Silver_Traveller
8539,Gold_Silver_Essential
8540,Gold_Silver_Essential
8543,Gold_Silver_Essential
8548,Gold_Silver_Essential
8552,Gold_Silver_Essential
8557,Platinum_Free
8562,Platinum_Free
8563,Platinum_Free
8564,Platinum_Essential
8567,Bronze_Essential
8568,Gold_Silver_Free
8577,Bronze_Traveller
8584,Platinum_Free
8586,Gold_Silver_Essential
8588,Gold_Silver_Essential
8606,Bronze_Traveller
8607,Gold_Silver_Essential
8614,Gold_Silver_Free
8622,Platinum_Free
8623,Gold_Silver_Free
8636,Gold_Silver_Free
8639,Gold_Silver_Essential
8647,Gold_Silver_Essential
8657,Gold_Silver_Essential
8660,Platinum_Free
8662,Platinum_Free
8668,Platinum_Free
8673,Gold_Silver_Essential
8677,Gold_Silver_Free
8678,Platinum_Free
8680,Gold_Silver_Essential
8685,Gold_Silver_Free
8688,Gold_Silver_Free
8689,Platinum_Free
8693,Gold_Silver_Free
8694,Bronze_Essential
8701,Bronze_Traveller
8717,Platinum_Free
8719,Gold_Silver_Free
8720,Gold_Silver_Traveller
8733,Platinum_Free
8735,Platinum_Essential
8738,Platinum_Free
8746,Gold_Silver_Essential
8754,Gold_Silver_Essential
8756,Gold_Silver_Free
8759,Gold_Silver_Essential
8778,Platinum_Essential
8784,Bronze_Essential
8789,Platinum_Free
8796,Gold_Silver_Free
8799,Platinum_Free
8803,Bronze_Traveller
8812,Platinum_Essential
8813,Gold_Silver_Free
8814,Platinum_Free
8819,Gold_Silver_Traveller
8833,Platinum_Free
8836,Bronze_Essential
8840,Platinum_Free
8841,Gold_Silver_Free
8844,Gold_Silver_Free
8847,Bronze_Essential
8851,Gold_Silver_Free
8862,Platinum_Free
8863,Platinum_Essential
8876,Bronze_Essential
8888,Gold_Silver_Essential
8893,Gold_Silver_Free
8909,Gold_Silver_Free
8911,Platinum_Free
8912,Platinum_Free
8947,Gold_Silver_Essential
8953,Gold_Silver_Essential
8966,Platinum_Essential
8968,Gold_Silver_Essential
8972,Platinum_Free
8982,Gold_Silver_Essential
8987,Platinum_Free
8994,Gold_Silver_Essential
8997,Platinum_Free
9001,Gold_Silver_Free
9011,Gold_Silver_Free
9016,Gold_Silver_Free
9023,Bronze_Traveller
9027,Gold_Silver_Essential
9030,Gold_Silver_Free
9042,Gold_Silver_Essential
9052,Platinum_Free
9054,Gold_Silver_Essential
9057,Platinum_Free
9066,Gold_Silver_Traveller
9067,Gold_Silver_Essential
9070,Gold_Silver_Essential
9076,Platinum_Essential
9078,Platinum_Essential
9083,Platinum_Essential
9089,Platinum_Essential
9090,Gold_Silver_Essential
9093,Gold_Silver_Essential
9097,Platinum_Free
9098,Platinum_Free
9105,Bronze_Traveller
9110,Gold_Silver_Essential
9112,Platinum_Free
9118,Platinum_Essential
9122,Gold_Silver_Free
9123,Bronze_Traveller
9125,Platinum_Essential
9126,Platinum_Essential
9127,Gold_Silver_Essential
9128,Gold_Silver_Traveller
9137,Gold_Silver_Free
9139,Gold_Silver_Essential
9146,Bronze_Traveller
9154,Gold_Silver_Essential
9157,Gold_Silver_Essential
9158,Platinum_Free
9164,Platinum_Essential
9190,Gold_Silver_Free
9191,Gold_Silver_Traveller
9206,Gold_Silver_Traveller
9207,Gold_Silver_Essential
9208,Platinum_Essential
9209,Gold_Silver_Free
9219,Platinum_Essential
9221,Platinum_Free
9225,Platinum_Free
9230,Bronze_Traveller
9232,Platinum_Free
9256,Platinum_Free
9258,Gold_Silver_Essential
9260,Platinum_Free
9261,Platinum_Free
9264,Platinum_Essential
9266,Bronze_Traveller
9269,Platinum_Free
9270,Bronze_Traveller
9271,Bronze_Traveller
9285,Platinum_Free
9293,Bronze_Traveller
9295,Gold_Silver_Essential
9297,Gold_Silver_Free
9311,Bronze_Essential
9320,Platinum_Free
9326,Gold_Silver_Essential
9328,Platinum_Essential
9333,Gold_Silver_Essential
9339,Platinum_Free
9342,Platinum_Essential
9349,Platinum_Free
9362,Gold_Silver_Traveller
9369,Gold_Silver_Free
9374,Gold_Silver_Traveller
9378,Platinum_Essential
9380,Platinum_Free
9382,Platinum_Free
9383,Platinum_Free
9392,Gold_Silver_Essential
9397,Platinum_Free
9398,Platinum_Free
9400,Gold_Silver_Free
9406,Gold_Silver_Essential
9412,Gold_Silver_Free
9419,Gold_Silver_Essential
9420,Gold_Silver_Essential
9423,Platinum_Free
9424,Gold_Silver_Free
9427,Platinum_Free
9435,Gold_Silver_Free
9449,Platinum_Free
9458,Bronze_Essential
9465,Platinum_Essential
9470,Gold_Silver_Traveller
9471,Gold_Silver_Essential
9476,Gold_Silver_Essential
9484,Platinum_Free
9487,Gold_Silver_Free
9491,Platinum_Free
9492,Bronze_Traveller
9499,Gold_Silver_Free
9501,Platinum_Free
9502,Platinum_Free
9511,Platinum_Free
9516,Platinum_Free
9521,Platinum_Free
9526,Gold_Silver_Essential
9527,Gold_Silver_Essential
9556,Platinum_Free
9564,Platinum_Essential
9580,Bronze_Traveller
9584,Gold_Silver_Traveller
9586,Platinum_Essential
9587,Platinum_Free
9588,Gold_Silver_Free
9592,Platinum_Free
9593,Platinum_Free
9600,Platinum_Free
9602,Gold_Silver_Traveller
9604,Platinum_Free
9606,Gold_Silver_Essential
9608,Gold_Silver_Free
9611,Platinum_Free
9622,Bronze_Traveller
9624,Platinum_Free
9625,Bronze_Traveller
9634,Gold_Silver_Traveller
9643,Bronze_Traveller
9647,Bronze_Traveller
9655,Platinum_Free
9656,Gold_Silver_Free
9667,Gold_Silver_Traveller
9675,Platinum_Free
9679,Platinum_Free
9682,Platinum_Free
9699,Platinum_Free
9703,Gold_Silver_Free
9706,Platinum_Free
9715,Gold_Silver_Free
9718,Gold_Silver_Free
9727,Bronze_Traveller
9728,Platinum_Free
9729,Platinum_Free
9730,Bronze_Traveller
9735,Platinum_Free
9740,Bronze_Traveller
9748,Gold_Silver_Free
9750,Gold_Silver_Essential
9751,Gold_Silver_Free
9756,Gold_Silver_Essential
9757,Platinum_Free
9760,Bronze_Essential
9762,Gold_Silver_Essential
9767,Platinum_Free
9778,Platinum_Essential
9784,Gold_Silver_Free
9802,Platinum_Free
9807,Gold_Silver_Free
9808,Gold_Silver_Essential
9814,Gold_Silver_Essential
9819,Platinum_Free
9825,Platinum_Free
9836,Bronze_Traveller
9847,Gold_Silver_Essential
9853,Gold_Silver_Traveller
9855,Bronze_Essential
9856,Gold_Silver_Essential
9863,Gold_Silver_Free
9868,Gold_Silver_Free
9879,Platinum_Free
9886,Platinum_Free
9902,Gold_Silver_Essential
9903,Platinum_Essential
9904,Bronze_Essential
9918,Platinum_Free
9927,Platinum_Free
9941,Gold_Silver_Free
9946,Gold_Silver_Free
9948,Gold_Silver_Essential
9949,Gold_Silver_Essential
9953,Gold_Silver_Free
9966,Gold_Silver_Free
9968,Gold_Silver_Free
9974,Gold_Silver_Free
9975,Gold_Silver_Free
9977,Gold_Silver_Free
9983,Bronze_Traveller
9985,Gold_Silver_Essential
10000,Platinum_Free
10008,Platinum_Free
10013,Platinum_Free
10015,Gold_Silver_Free
10022,Platinum_Free
10023,Platinum_Free
10030,Gold_Silver_Essential
10041,Bronze_Traveller
10072,Bronze_Traveller
10086,Gold_Silver_Traveller
10087,Platinum_Free
10093,Platinum_Essential
10094,Gold_Silver_Essential
10098,Gold_Silver_Free
10107,Gold_Silver_Essential
10108,Platinum_Free
10113,Gold_Silver_Free
10114,Gold_Silver_Free
10126,Gold_Silver_Free
10127,Gold_Silver_Essential
10129,Gold_Silver_Essential
10133,Gold_Silver_Essential
10137,Gold_Silver_Free
10146,Gold_Silver_Traveller
10153,Gold_Silver_Essential
10155,Gold_Silver_Free
10159,Gold_Silver_Free
10163,Bronze_Essential
10165,Platinum_Free
10168,Gold_Silver_Free
10172,Platinum_Free
10174,Gold_Silver_Free
10176,Gold_Silver_Essential
10184,Platinum_Free
10188,Platinum_Essential
10189,Bronze_Essential
10197,Gold_Silver_Free
10222,Platinum_Free
10223,Platinum_Free
10232,Bronze_Traveller
10234,Platinum_Free
10242,Gold_Silver_Free
10248,Platinum_Free
10252,Platinum_Free
10256,Platinum_Free
10260,Platinum_Essential
10261,Platinum_Free
10263,Gold_Silver_Free
10271,Platinum_Free
10275,Gold_Silver_Essential
10278,Gold_Silver_Free
10283,Gold_Silver_Free
10293,Platinum_Free
10310,Gold_Silver_Essential
10318,Gold_Silver_Essential
10320,Platinum_Free
10328,Gold_Silver_Free
10329,Gold_Silver_Free
10330,Bronze_Essential
10341,Gold_Silver_Essential
10342,Platinum_Essential
10346,Gold_Silver_Traveller
10352,Gold_Silver_Essential
10355,Gold_Silver_Free
10357,Gold_Silver_Essential
10360,Bronze_Essential
10363,Platinum_Free
10365,Gold_Silver_Free
10367,Platinum_Free
10375,Gold_Silver_Essential
10382,Gold_Silver_Essential
10386,Platinum_Free
10390,Platinum_Free
10392,Gold_Silver_Essential
10396,Platinum_Free
10401,Gold_Silver_Essential
10408,Gold_Silver_Traveller
10410,Gold_Silver_Essential
10419,Gold_Silver_Traveller
10421,Platinum_Free
10425,Gold_Silver_Essential
10426,Gold_Silver_Essential
10427,Platinum_Essential
10431,Bronze_Essential
10433,Bronze_Essential
10438,Gold_Silver_Traveller
10443,Platinum_Essential
10447,Gold_Silver_Essential
10450,Bronze_Essential
10451,Platinum_Essential
10476,Platinum_Free
10481,Gold_Silver_Free
10483,Gold_Silver_Essential
10495,Gold_Silver_Essential
10505,Bronze_Traveller
10509,Gold_Silver_Free
10510,Gold_Silver_Free
10512,Gold_Silver_Free
10514,Platinum_Free
10518,Platinum_Essential
10519,Gold_Silver_Free
10528,Platinum_Free
10537,Platinum_Free
10538,Gold_Silver_Free
10540,Gold_Silver_Free
10543,Platinum_Free
10544,Gold_Silver_Essential
10549,Platinum_Free
10551,Gold_Silver_Free
10554,Gold_Silver_Free
10557,Bronze_Traveller
10558,Gold_Silver_Free
10564,Gold_Silver_Free
10570,Platinum_Free
10572,Gold_Silver_Free
10587,Bronze_Essential
10590,Platinum_Essential
10591,Platinum_Free
10594,Platinum_Essential
10599,Gold_Silver_Free
10605,Platinum_Essential
10613,Gold_Silver_Free
10619,Bronze_Traveller
10628,Platinum_Essential
10635,Gold_Silver_Essential
10643,Gold_Silver_Essential
10657,Platinum_Free
10660,Gold_Silver_Traveller
10662,Gold_Silver_Essential
10669,Gold_Silver_Free
10673,Platinum_Free
10683,Gold_Silver_Free
10689,Platinum_Free
10693,Platinum_Free
10697,Gold_Silver_Essential
10700,Bronze_Traveller
10701,Platinum_Free
10703,Gold_Silver_Essential
10706,Platinum_Essential
10707,Gold_Silver_Essential
10710,Gold_Silver_Essential
10714,Platinum_Essential
10725,Gold_Silver_Free
10728,Platinum_Free
10732,Platinum_Essential
10740,Platinum_Free
10743,Platinum_Free
10744,Platinum_Free
10753,Bronze_Essential
10761,Platinum_Essential
10765,Gold_Silver_Free
10767,Gold_Silver_Traveller
10781,Platinum_Free
10786,Platinum_Free
10802,Platinum_Free
10805,Bronze_Traveller
10807,Platinum_Essential
10809,Gold_Silver_Essential
10814,Platinum_Free
10816,Gold_Silver_Free
10818,Platinum_Free
10822,Platinum_Free
10827,Platinum_Free
10840,Gold_Silver_Essential
10847,Platinum_Essential
10856,Platinum_Free
10862,Gold_Silver_Essential
10869,Gold_Silver_Essential
10873,Platinum_Free
10880,Platinum_Free
10885,Gold_Silver_Free
10891,Gold_Silver_Essential
10896,Platinum_Free
10901,Bronze_Traveller
10904,Bronze_Essential
10908,Platinum_Free
10911,Gold_Silver_Essential
10914,Gold_Silver_Free
10918,Gold_Silver_Free
10925,Platinum_Free
10928,Gold_Silver_Essential
10931,Gold_Silver_Essential
10945,Platinum_Essential
10950,Gold_Silver_Essential
10958,Gold_Silver_Free
10963,Bronze_Essential
10965,Platinum_Free
10967,Gold_Silver_Free
10975,Gold_Silver_Free
10979,Platinum_Free
10981,Gold_Silver_Free
10985,Bronze_Essential
10992,Platinum_Essential
10999,Gold_Silver_Free
11002,Bronze_Traveller
11008,Platinum_Free
11026,Platinum_Essential
11037,Platinum_Free
11038,Platinum_Free
11054,Gold_Silver_Essential
11057,Gold_Silver_Traveller
11059,Gold_Silver_Traveller
11061,Bronze_Essential
11066,Gold_Silver_Essential
11068,Gold_Silver_Free
11069,Gold_Silver_Free
11071,Platinum_Free
11078,Gold_Silver_Essential
11080,Gold_Silver_Essential
11087,Platinum_Essential
11090,Gold_Silver_Free
11103,Gold_Silver_Essential
11104,Platinum_Essential
11106,Platinum_Free
11108,Platinum_Free
11112,Gold_Silver_Essential
11114,Gold_Silver_Essential
11127,Platinum_Free
11140,Platinum_Free
11143,Gold_Silver_Free
11151,Platinum_Essential
11156,Gold_Silver_Free
11157,Platinum_Essential
11159,Gold_Silver_Essential
11163,Platinum_Free
11164,Platinum_Essential
11174,Gold_Silver_Free
11180,Gold_Silver_Free
11182,Gold_Silver_Essential
11187,Bronze_Essential
11190,Gold_Silver_Essential
11191,Gold_Silver_Free
11194,Platinum_Essential
11195,Platinum_Free
11197,Gold_Silver_Essential
11204,Platinum_Free
11208,Platinum_Essential
11211,Platinum_Free
11221,Bronze_Traveller
11229,Gold_Silver_Essential
11233,Platinum_Free
11242,Platinum_Free
11246,Platinum_Free
11247,Gold_Silver_Free
11249,Platinum_Free
11259,Gold_Silver_Essential
11260,Bronze_Traveller
11265,Platinum_Essential
11268,Platinum_Free
11280,Platinum_Free
11284,Platinum_Free
11285,Platinum_Free
11286,Gold_Silver_Free
11288,Platinum_Essential
11291,Platinum_Free
11297,Platinum_Essential
11298,Gold_Silver_Essential
11315,Gold_Silver_Essential
11322,Platinum_Free
11323,Gold_Silver_Essential
11324,Platinum_Free
11330,Gold_Silver_Free
11334,Gold_Silver_Essential
11339,Platinum_Free
11343,Gold_Silver_Traveller
11346,Platinum_Free
11347,Gold_Silver_Essential
11348,Platinum_Free
11349,Gold_Silver_Free
11350,Bronze_Essential
11353,Platinum_Free
11355,Platinum_Free
11357,Bronze_Essential
11362,Platinum_Free
11365,Gold_Silver_Free
11368,Gold_Silver_Essential
11379,Platinum_Essential
11381,Platinum_Free
11387,Gold_Silver_Free
11394,Gold_Silver_Free
11400,Gold_Silver_Traveller
11401,Platinum_Essential
11408,Bronze_Essential
11420,Bronze_Traveller
11423,Platinum_Free
11430,Platinum_Free
11433,Platinum_Free
11441,Gold_Silver_Essential
11454,Gold_Silver_Free
11456,Platinum_Free
11461,Gold_Silver_Free
11466,Platinum_Free
11473,Bronze_Essential
11475,Platinum_Free
11476,Platinum_Free
11481,Bronze_Essential
11500,Platinum_Free
11508,Gold_Silver_Free
11509,Bronze_Traveller
11510,Platinum_Free
11511,Platinum_Essential
11520,Gold_Silver_Essential
11524,Gold_Silver_Free
11526,Platinum_Essential
11528,Platinum_Free
11530,Platinum_Free
11555,Platinum_Essential
11559,Bronze_Traveller
11560,Gold_Silver_Essential
11563,Gold_Silver_Free
11565,Gold_Silver_Traveller
11567,Gold_Silver_Free
11572,Bronze_Traveller
11579,Platinum_Free
11585,Gold_Silver_Free
11592,Platinum_Free
11596,Gold_Silver_Essential
11607,Gold_Silver_Essential
11609,Gold_Silver_Essential
11610,Gold_Silver_Traveller
11613,Platinum_Free
11614,Platinum_Free
11615,Gold_Silver_Essential
11620,Platinum_Free
11633,Gold_Silver_Essential
11634,Gold_Silver_Essential
11640,Platinum_Free
11641,Platinum_Free
11644,Gold_Silver_Free
11649,Gold_Silver_Essential
11650,Platinum_Free
11651,Platinum_Free
11657,Gold_Silver_Essential
11658,Bronze_Essential
11662,Platinum_Free
11666,Platinum_Essential
11669,Gold_Silver_Essential
11672,Gold_Silver_Free
11675,Platinum_Essential
11676,Gold_Silver_Essential
11679,Gold_Silver_Essential
11682,Gold_Silver_Essential
11695,Platinum_Essential
11701,Bronze_Traveller
11706,Platinum_Free
11710,Gold_Silver_Essential
11724,Gold_Silver_Essential
11728,Gold_Silver_Essential
11737,Platinum_Free
11753,Bronze_Traveller
11761,Gold_Silver_Traveller
11769,Bronze_Traveller
11770,Bronze_Traveller
11771,Gold_Silver_Essential
11777,Bronze_Traveller
11784,Gold_Silver_Free
11790,Bronze_Traveller
11791,Gold_Silver_Traveller
11796,Gold_Silver_Traveller
11798,Gold_Silver_Essential
11801,Bronze_Essential
11803,Bronze_Traveller
11808,Bronze_Traveller
11816,Bronze_Traveller
11825,Bronze_Traveller
11830,Gold_Silver_Traveller
11834,Bronze_Traveller
11835,Bronze_Traveller
11843,Gold_Silver_Traveller
11844,Bronze_Traveller
11845,Gold_Silver_Traveller
11846,Bronze_Traveller
11861,Gold_Silver_Traveller
11868,Bronze_Traveller
11878,Bronze_Traveller
11885,Gold_Silver_Free
11886,Bronze_Traveller
11889,Gold_Silver_Traveller
11894,Bronze_Traveller
11895,Bronze_Traveller
11896,Gold_Silver_Free
11905,Bronze_Traveller
11911,Gold_Silver_Traveller
11919,Gold_Silver_Traveller
11926,Bronze_Traveller
11927,Bronze_Traveller
11936,Gold_Silver_Traveller
11937,Gold_Silver_Traveller
11943,Bronze_Traveller
11951,Gold_Silver_Traveller
11954,Bronze_Traveller
11956,Bronze_Traveller
11957,Gold_Silver_Free
11960,Gold_Silver_Traveller
11967,Gold_Silver_Traveller
11971,Gold_Silver_Traveller
11974,Gold_Silver_Traveller
11981,Gold_Silver_Traveller
11988,Bronze_Traveller
11990,Gold_Silver_Traveller
12000,Bronze_Traveller
12008,Platinum_Essential
12014,Gold_Silver_Traveller
12016,Gold_Silver_Free
12019,Gold_Silver_Essential
12020,Gold_Silver_Essential
12027,Gold_Silver_Essential
12031,Bronze_Essential
12038,Platinum_Essential
12043,Platinum_Free
12047,Gold_Silver_Essential
12055,Gold_Silver_Essential
12058,Gold_Silver_Essential
12075,Bronze_Traveller
12076,Bronze_Traveller
12077,Platinum_Essential
12084,Bronze_Essential
12091,Gold_Silver_Traveller
12095,Bronze_Essential
12097,Platinum_Free
12103,Gold_Silver_Free
12110,Gold_Silver_Essential
12114,Bronze_Essential
12120,Gold_Silver_Essential
12128,Bronze_Essential
12130,Platinum_Free
12135,Gold_Silver_Essential
12137,Bronze_Traveller
12139,Gold_Silver_Free
12147,Gold_Silver_Essential
12149,Bronze_Traveller
12153,Gold_Silver_Traveller
12156,Gold_Silver_Free
12158,Gold_Silver_Traveller
12159,Bronze_Traveller
12170,Platinum_Free
12171,Platinum_Essential
12182,Gold_Silver_Essential
12183,Platinum_Essential
12188,Gold_Silver_Essential
12189,Gold_Silver_Essential
12195,Gold_Silver_Traveller
12198,Bronze_Traveller
12201,Bronze_Traveller
12202,Gold_Silver_Traveller
12212,Gold_Silver_Free
12215,Bronze_Essential
12218,Gold_Silver_Essential
12221,Gold_Silver_Traveller
12227,Gold_Silver_Essential
12230,Platinum_Free
12234,Bronze_Traveller
12237,Gold_Silver_Essential
12245,Bronze_Traveller
12264,Bronze_Essential
12266,Bronze_Traveller
12269,Platinum_Essential
12271,Gold_Silver_Essential
12276,Platinum_Free
12277,Bronze_Essential
12286,Bronze_Traveller
12310,Bronze_Essential
12323,Bronze_Traveller
12329,Platinum_Free
12331,Gold_Silver_Traveller
12338,Gold_Silver_Essential
12339,Gold_Silver_Traveller
12344,Gold_Silver_Free
12345,Bronze_Traveller
12346,Gold_Silver_Essential
12356,Bronze_Traveller
12357,Platinum_Essential
12360,Bronze_Essential
12361,Gold_Silver_Traveller
12363,Gold_Silver_Traveller
12372,Gold_Silver_Essential
12379,Bronze_Essential
12391,Gold_Silver_Traveller
12393,Gold_Silver_Essential
12394,Bronze_Traveller
12398,Gold_Silver_Traveller
12401,Gold_Silver_Essential
12409,Gold_Silver_Traveller
12412,Gold_Silver_Essential
12419,Gold_Silver_Traveller
12422,Gold_Silver_Free
12432,Gold_Silver_Free
12434,Platinum_Essential
12437,Bronze_Essential
12440,Bronze_Essential
12443,Gold_Silver_Essential
12450,Gold_Silver_Essential
12452,Gold_Silver_Essential
12453,Bronze_Traveller
12467,Bronze_Traveller
12473,Bronze_Essential
12474,Bronze_Traveller
12476,Gold_Silver_Traveller
12480,Bronze_Essential
12482,Gold_Silver_Traveller
12483,Bronze_Essential
12485,Bronze_Traveller
12489,Platinum_Essential
12490,Bronze_Traveller
12508,Bronze_Traveller
12510,Bronze_Traveller
12511,Gold_Silver_Traveller
12517,Gold_Silver_Essential
12520,Gold_Silver_Traveller
12522,Bronze_Essential
12523,Gold_Silver_Free
12530,Bronze_Essential
12537,Gold_Silver_Essential
12538,Bronze_Traveller
12541,Gold_Silver_Essential
12545,Platinum_Essential
12548,Bronze_Essential
12550,Gold_Silver_Essential
12557,Gold_Silver_Free
12562,Bronze_Traveller
12563,Bronze_Essential
12569,Gold_Silver_Free
12570,Bronze_Essential
12573,Bronze_Essential
12574,Gold_Silver_Traveller
12576,Gold_Silver_Traveller
12596,Gold_Silver_Traveller
12598,Gold_Silver_Essential
12606,Gold_Silver_Free
12611,Gold_Silver_Essential
12613,Gold_Silver_Traveller
12616,Gold_Silver_Essential
12618,Gold_Silver_Traveller
12628,Platinum_Essential
12635,Gold_Silver_Essential
12640,Bronze_Essential
12641,Gold_Silver_Free
12644,Bronze_Traveller
12647,Gold_Silver_Essential
12650,Bronze_Traveller
12657,Bronze_Essential
12668,Gold_Silver_Essential
12675,Bronze_Traveller
12682,Gold_Silver_Traveller
12687,Platinum_Essential
12693,Gold_Silver_Traveller
12703,Gold_Silver_Free
12705,Gold_Silver_Essential
12707,Bronze_Traveller
12711,Bronze_Traveller
12719,Gold_Silver_Essential
12721,Bronze_Traveller
12731,Gold_Silver_Essential
12733,Gold_Silver_Traveller
12735,Gold_Silver_Essential
12738,Gold_Silver_Essential
12739,Bronze_Traveller
12744,Platinum_Essential
12746,Bronze_Essential
12753,Gold_Silver_Traveller
12766,Gold_Silver_Traveller
12771,Gold_Silver_Traveller
12778,Bronze_Essential
12792,Gold_Silver_Traveller
12796,Gold_Silver_Free
12798,Bronze_Essential
12800,Gold_Silver_Free
12816,Bronze_Essential
12825,Bronze_Traveller
12828,Gold_Silver_Essential
12829,Gold_Silver_Traveller
12831,Bronze_Traveller
12834,Gold_Silver_Traveller
12838,Gold_Silver_Essential
12844,Gold_Silver_Essential
12846,Gold_Silver_Essential
12847,Bronze_Traveller
12852,Bronze_Traveller
12855,Gold_Silver_Essential
12861,Gold_Silver_Essential
12862,Bronze_Traveller
12863,Bronze_Traveller
12865,Gold_Silver_Traveller
12872,Bronze_Traveller
12874,Bronze_Essential
12875,Bronze_Traveller
12883,Bronze_Traveller
12886,Gold_Silver_Essential
12889,Bronze_Traveller
12901,Gold_Silver_Traveller
12915,Bronze_Essential
12917,Gold_Silver_Traveller
12920,Bronze_Essential
12922,Bronze_Traveller
12925,Gold_Silver_Essential
12930,Platinum_Essential
12934,Bronze_Traveller
12935,Gold_Silver_Essential
12945,Bronze_Essential
12946,Platinum_Essential
12950,Bronze_Traveller
12964,Bronze_Traveller
12968,Gold_Silver_Traveller
12969,Bronze_Traveller
12973,Gold_Silver_Traveller
12978,Gold_Silver_Free
12981,Gold_Silver_Traveller
12993,Gold_Silver_Essential
13002,Gold_Silver_Traveller
13006,Gold_Silver_Free
13017,Bronze_Traveller
13029,Platinum_Free
13031,Bronze_Essential
13034,Gold_Silver_Free
13038,Bronze_Traveller
13041,Platinum_Essential
13047,Gold_Silver_Essential
13048,Bronze_Traveller
13056,Gold_Silver_Free
13057,Platinum_Free
13060,Platinum_Essential
13069,Bronze_Traveller
13072,Gold_Silver_Essential
13086,Gold_Silver_Essential
13090,Gold_Silver_Free
13095,Gold_Silver_Free
13099,Bronze_Traveller
13101,Gold_Silver_Traveller
13109,Gold_Silver_Essential
13111,Bronze_Essential
13118,Platinum_Free
13122,Gold_Silver_Essential
13131,Platinum_Free
13138,Bronze_Traveller
13143,Gold_Silver_Essential
13147,Gold_Silver_Free
13148,Platinum_Free
13161,Gold_Silver_Traveller
13165,Gold_Silver_Essential
13166,Gold_Silver_Essential
13169,Bronze_Traveller
13181,Bronze_Traveller
13182,Bronze_Traveller
13188,Gold_Silver_Free
13189,Gold_Silver_Essential
13201,Gold_Silver_Free
13205,Gold_Silver_Free
13206,Platinum_Free
13210,Bronze_Essential
13211,Gold_Silver_Essential
13218,Gold_Silver_Essential
13227,Gold_Silver_Traveller
13238,Gold_Silver_Free
13250,Gold_Silver_Essential
13253,Bronze_Traveller
13254,Bronze_Traveller
13266,Gold_Silver_Essential
13268,Gold_Silver_Essential
13270,Gold_Silver_Essential
13274,Bronze_Traveller
13275,Gold_Silver_Essential
13277,Gold_Silver_Traveller
13281,Bronze_Traveller
13301,Bronze_Essential
13307,Gold_Silver_Essential
13316,Gold_Silver_Free
13323,Bronze_Essential
13334,Platinum_Free
13339,Gold_Silver_Essential
13340,Bronze_Essential
13366,Gold_Silver_Essential
13367,Bronze_Traveller
13368,Gold_Silver_Essential
13370,Bronze_Traveller
13374,Platinum_Essential
13376,Gold_Silver_Traveller
13378,Gold_Silver_Traveller
13380,Bronze_Essential
13391,Gold_Silver_Essential
13394,Gold_Silver_Essential
13397,Gold_Silver_Essential
13405,Bronze_Traveller
13409,Gold_Silver_Free
13412,Gold_Silver_Essential
13419,Bronze_Traveller
13420,Gold_Silver_Essential
13427,Gold_Silver_Traveller
13429,Gold_Silver_Essential
13431,Platinum_Essential
13432,Bronze_Traveller
13441,Platinum_Free
13449,Bronze_Traveller
13454,Gold_Silver_Free
13456,Gold_Silver_Essential
13468,Bronze_Traveller
13470,Gold_Silver_Essential
13476,Bronze_Traveller
13502,Bronze_Essential
13504,Platinum_Free
13508,Gold_Silver_Essential
13517,Gold_Silver_Essential
13531,Bronze_Traveller
13535,Bronze_Traveller
13536,Bronze_Essential
13537,Gold_Silver_Traveller
13545,Bronze_Traveller
13550,Gold_Silver_Traveller
13551,Gold_Silver_Traveller
13564,Bronze_Traveller
13572,Platinum_Free
13580,Gold_Silver_Essential
13588,Bronze_Essential
13600,Bronze_Essential
13601,Platinum_Free
13605,Bronze_Traveller
13606,Gold_Silver_Traveller
13607,Gold_Silver_Free
13618,Gold_Silver_Essential
13634,Platinum_Free
13637,Gold_Silver_Essential
13639,Platinum_Essential
13655,Gold_Silver_Essential
13659,Bronze_Traveller
13667,Gold_Silver_Traveller
13682,Gold_Silver_Essential
13684,Gold_Silver_Essential
13694,Gold_Silver_Traveller
13695,Bronze_Essential
13696,Bronze_Traveller
13698,Bronze_Essential
13699,Gold_Silver_Free
13700,Platinum_Essential
13710,Gold_Silver_Traveller
13713,Gold_Silver_Essential
13718,Bronze_Traveller
13723,Platinum_Essential
13726,Bronze_Traveller
13727,Gold_Silver_Essential
13730,Gold_Silver_Free
13736,Gold_Silver_Essential
13737,Bronze_Traveller
13739,Bronze_Traveller
13745,Platinum_Free
13757,Gold_Silver_Essential
13775,Bronze_Essential
13776,Gold_Silver_Essential
13793,Platinum_Free
13801,Gold_Silver_Free
13804,Gold_Silver_Essential
13806,Gold_Silver_Free
13807,Bronze_Traveller
13826,Gold_Silver_Traveller
13849,Bronze_Essential
13850,Gold_Silver_Traveller
13852,Bronze_Essential
13868,Gold_Silver_Free
13874,Bronze_Traveller
13879,Gold_Silver_Free
13888,Gold_Silver_Essential
13889,Gold_Silver_Free
13895,Bronze_Traveller
13900,Platinum_Essential
13903,Gold_Silver_Essential
13906,Bronze_Essential
13908,Gold_Silver_Essential
13913,Gold_Silver_Essential
13921,Gold_Silver_Essential
13925,Gold_Silver_Free
13928,Gold_Silver_Traveller
13932,Gold_Silver_Free
13935,Bronze_Essential
13936,Gold_Silver_Essential
13939,Bronze_Traveller
13946,Gold_Silver_Essential
13962,Gold_Silver_Essential
13967,Bronze_Traveller
13969,Gold_Silver_Essential
13972,Gold_Silver_Essential
13975,Gold_Silver_Essential
13981,Gold_Silver_Essential
13985,Bronze_Essential
13995,Gold_Silver_Traveller
14000,Gold_Silver_Traveller
14011,Bronze_Traveller
14014,Gold_Silver_Essential
14021,Bronze_Essential
14027,Gold_Silver_Free
14037,Bronze_Traveller
14051,Gold_Silver_Traveller
14057,Gold_Silver_Essential
14060,Bronze_Traveller
14085,Gold_Silver_Essential
14086,Bronze_Essential
14095,Gold_Silver_Free
14096,Gold_Silver_Essential
14104,Gold_Silver_Traveller
14105,Gold_Silver_Essential
14111,Gold_Silver_Traveller
14122,Gold_Silver_Free
14127,Bronze_Essential
14130,Platinum_Free
14132,Platinum_Essential
14135,Bronze_Traveller
14138,Bronze_Essential
14139,Gold_Silver_Essential
14144,Gold_Silver_Free
14146,Platinum_Free
14148,Bronze_Traveller
14154,Gold_Silver_Essential
14159,Gold_Silver_Essential
14177,Platinum_Essential
14183,Gold_Silver_Essential
14192,Gold_Silver_Traveller
14196,Gold_Silver_Free
14197,Bronze_Traveller
14203,Platinum_Essential
14213,Gold_Silver_Essential
14216,Platinum_Essential
14219,Gold_Silver_Essential
14221,Gold_Silver_Essential
14233,Gold_Silver_Traveller
14239,Gold_Silver_Essential
14240,Gold_Silver_Essential
14251,Gold_Silver_Essential
14253,Platinum_Free
14257,Gold_Silver_Essential
14260,Bronze_Essential
14279,Gold_Silver_Essential
14282,Gold_Silver_Essential
14283,Bronze_Traveller
14297,Platinum_Essential
14302,Bronze_Traveller
14309,Platinum_Essential
14326,Gold_Silver_Essential
14329,Gold_Silver_Free
14335,Gold_Silver_Essential
14343,Gold_Silver_Traveller
14351,Gold_Silver_Traveller
14353,Gold_Silver_Essential
14361,Gold_Silver_Free
14375,Bronze_Traveller
14377,Gold_Silver_Traveller
14381,Gold_Silver_Essential
14389,Bronze_Traveller
14398,Bronze_Traveller
14407,Bronze_Traveller
14409,Gold_Silver_Traveller
14412,Bronze_Traveller
14427,Gold_Silver_Essential
14428,Gold_Silver_Essential
14442,Gold_Silver_Traveller
14444,Platinum_Essential
14445,Bronze_Traveller
14446,Gold_Silver_Traveller
14459,Gold_Silver_Traveller
14464,Bronze_Traveller
14481,Gold_Silver_Traveller
14495,Gold_Silver_Traveller
14496,Bronze_Traveller
14500,Gold_Silver_Free
14503,Gold_Silver_Traveller
14506,Gold_Silver_Traveller
14515,Gold_Silver_Traveller
14528,Platinum_Free
14538,Gold_Silver_Traveller
14539,Gold_Silver_Free
14543,Platinum_Free
14545,Bronze_Traveller
14549,Bronze_Traveller
14554,Bronze_Traveller
14555,Gold_Silver_Free
14556,Gold_Silver_Essential
14559,Gold_Silver_Traveller
14566,Gold_Silver_Essential
14568,Bronze_Traveller
14573,Gold_Silver_Essential
14575,Bronze_Traveller
14577,Gold_Silver_Essential
14586,Gold_Silver_Traveller
14595,Gold_Silver_Traveller
14597,Bronze_Traveller
14610,Gold_Silver_Traveller
14612,Platinum_Free
14613,Gold_Silver_Traveller
14620,Platinum_Essential
14621,Gold_Silver_Essential
14633,Gold_Silver_Traveller
14635,Gold_Silver_Essential
14656,Bronze_Traveller
14663,Gold_Silver_Traveller
14666,Gold_Silver_Essential
14668,Gold_Silver_Traveller
14670,Gold_Silver_Traveller
14671,Gold_Silver_Essential
14674,Gold_Silver_Traveller
14678,Bronze_Traveller
14680,Gold_Silver_Traveller
14695,Gold_Silver_Traveller
14700,Gold_Silver_Traveller
14706,Gold_Silver_Traveller
14711,Gold_Silver_Free
14713,Gold_Silver_Essential
14716,Gold_Silver_Traveller
14719,Platinum_Free
14723,Gold_Silver_Essential
14727,Bronze_Traveller
14728,Gold_Silver_Free
14734,Gold_Silver_Traveller
14737,Platinum_Free
14741,Gold_Silver_Traveller
14761,Gold_Silver_Traveller
14768,Gold_Silver_Traveller
14770,Platinum_Free
14778,Gold_Silver_Essential
14780,Bronze_Traveller
14782,Gold_Silver_Traveller
14784,Bronze_Essential
14790,Bronze_Essential
14797,Platinum_Free
14801,Gold_Silver_Traveller
14805,Gold_Silver_Traveller
14806,Gold_Silver_Essential
14817,Gold_Silver_Traveller
14819,Bronze_Traveller
14825,Gold_Silver_Free
14828,Gold_Silver_Essential
14834,Gold_Silver_Essential
14837,Gold_Silver_Free
14839,Bronze_Traveller
14846,Gold_Silver_Free
14848,Gold_Silver_Traveller
14866,Gold_Silver_Essential
14870,Gold_Silver_Essential
14871,Bronze_Traveller
14872,Bronze_Traveller
14880,Platinum_Essential
14881,Bronze_Essential
14885,Bronze_Traveller
14887,Bronze_Essential
14891,Bronze_Essential
14893,Platinum_Essential
14907,Gold_Silver_Traveller
14909,Bronze_Traveller
14910,Bronze_Traveller
14920,Bronze_Traveller
14922,Bronze_Traveller
14931,Gold_Silver_Free
14932,Gold_Silver_Essential
14951,Gold_Silver_Essential
14962,Gold_Silver_Essential
14963,Gold_Silver_Traveller
14967,Platinum_Free
14974,Gold_Silver_Traveller
14976,Gold_Silver_Traveller
14979,Bronze_Traveller
14982,Gold_Silver_Traveller
14984,Bronze_Traveller
14995,Bronze_Essential
14998,Bronze_Traveller
14999,Gold_Silver_Essential
15003,Gold_Silver_Essential
15016,Bronze_Traveller
15018,Gold_Silver_Traveller
15019,Bronze_Traveller
15022,Gold_Silver_Traveller
15024,Gold_Silver_Essential
15035,Bronze_Traveller
15059,Bronze_Traveller
15068,Gold_Silver_Traveller
15070,Gold_Silver_Essential
15076,Gold_Silver_Free
15091,Bronze_Traveller
15114,Platinum_Essential
15118,Bronze_Essential
15125,Bronze_Traveller
15135,Platinum_Essential
15142,Gold_Silver_Essential
15144,Platinum_Essential
15145,Gold_Silver_Traveller
15150,Platinum_Essential
15160,Gold_Silver_Traveller
15167,Gold_Silver_Free
15177,Gold_Silver_Traveller
15191,Gold_Silver_Free
15196,Bronze_Traveller
15197,Gold_Silver_Essential
15203,Gold_Silver_Free
15215,Gold_Silver_Traveller
15217,Platinum_Free
15221,Bronze_Traveller
15227,Bronze_Traveller
15234,Gold_Silver_Traveller
15239,Bronze_Traveller
15240,Bronze_Traveller
15245,Bronze_Traveller
15249,Platinum_Essential
15259,Gold_Silver_Essential
15262,Gold_Silver_Traveller
15263,Bronze_Traveller
15265,Gold_Silver_Free
15268,Bronze_Traveller
15270,Gold_Silver_Essential
15274,Platinum_Free
15276,Bronze_Traveller
15280,Gold_Silver_Traveller
15282,Gold_Silver_Traveller
15284,Gold_Silver_Essential
15294,Gold_Silver_Traveller
15302,Gold_Silver_Free
15308,Gold_Silver_Essential
15310,Gold_Silver_Traveller
15311,Bronze_Traveller
15316,Gold_Silver_Free
15328,Bronze_Traveller
15335,Bronze_Traveller
15339,Gold_Silver_Essential
15344,Gold_Silver_Traveller
15347,Gold_Silver_Traveller
15354,Platinum_Free
15365,Bronze_Traveller
15371,Bronze_Traveller
15373,Gold_Silver_Traveller
15391,Platinum_Free
15394,Bronze_Traveller
15403,Gold_Silver_Essential
15407,Gold_Silver_Traveller
15412,Bronze_Essential
15414,Bronze_Essential
15419,Gold_Silver_Traveller
15426,Platinum_Free
15439,Bronze_Essential
15447,Gold_Silver_Traveller
15449,Bronze_Traveller
15455,Gold_Silver_Traveller
15458,Bronze_Traveller
15459,Bronze_Traveller
15463,Bronze_Traveller
15481,Gold_Silver_Traveller
15492,Gold_Silver_Free
15499,Bronze_Traveller
15502,Gold_Silver_Free
15503,Gold_Silver_Free
15513,Bronze_Traveller
15527,Gold_Silver_Essential
15541,Gold_Silver_Traveller
15544,Platinum_Free
15554,Gold_Silver_Free
15556,Bronze_Essential
15568,Gold_Silver_Essential
15571,Gold_Silver_Essential
15573,Gold_Silver_Traveller
15588,Bronze_Essential
15596,Platinum_Free
15601,Gold_Silver_Traveller
15604,Gold_Silver_Free
15605,Bronze_Traveller
15609,Platinum_Free
15616,Bronze_Traveller
15617,Bronze_Traveller
15621,Gold_Silver_Traveller
15622,Gold_Silver_Essential
15634,Bronze_Essential
15651,Gold_Silver_Traveller
15654,Gold_Silver_Traveller
15664,Bronze_Traveller
15667,Gold_Silver_Essential
15669,Gold_Silver_Free
15671,Gold_Silver_Traveller
15682,Gold_Silver_Traveller
15684,Gold_Silver_Free
15685,Gold_Silver_Free
15690,Bronze_Traveller
15702,Bronze_Traveller
15709,Bronze_Traveller
15717,Gold_Silver_Free
15723,Bronze_Traveller
15728,Bronze_Traveller
15738,Platinum_Free
15743,Gold_Silver_Essential
15753,Gold_Silver_Traveller
15763,Gold_Silver_Essential
15768,Gold_Silver_Traveller
15772,Bronze_Essential
15773,Bronze_Traveller
15774,Gold_Silver_Traveller
15778,Gold_Silver_Traveller
15788,Platinum_Free
15793,Bronze_Traveller
15801,Gold_Silver_Essential
15813,Platinum_Free
15815,Platinum_Essential
15821,Bronze_Traveller
15827,Bronze_Traveller
15831,Bronze_Traveller
15838,Gold_Silver_Traveller
15839,Bronze_Traveller
15843,Bronze_Traveller
15850,Bronze_Traveller
15852,Gold_Silver_Traveller
15864,Gold_Silver_Essential
15865,Gold_Silver_Traveller
15875,Gold_Silver_Essential
15879,Gold_Silver_Traveller
15902,Gold_Silver_Free
15911,Gold_Silver_Traveller
15920,Gold_Silver_Essential
15932,Gold_Silver_Traveller
15933,Platinum_Essential
15934,Gold_Silver_Free
15939,Gold_Silver_Essential
15942,Gold_Silver_Traveller
15943,Gold_Silver_Traveller
15945,Gold_Silver_Essential
15960,Bronze_Traveller
15963,Gold_Silver_Free
15966,Gold_Silver_Traveller
15967,Gold_Silver_Essential
15970,Gold_Silver_Free
15972,Platinum_Free
15978,Bronze_Essential
15980,Gold_Silver_Essential
16002,Bronze_Traveller
16012,Bronze_Traveller
16018,Bronze_Traveller
16022,Platinum_Free
16029,Bronze_Traveller
16031,Bronze_Traveller
16038,Gold_Silver_Traveller
16039,Gold_Silver_Free
16040,Bronze_Essential
16041,Gold_Silver_Traveller
16043,Platinum_Free
16048,Bronze_Essential
16049,Gold_Silver_Traveller
16054,Gold_Silver_Traveller
16076,Bronze_Traveller
16081,Gold_Silver_Traveller
16084,Gold_Silver_Traveller
16086,Gold_Silver_Traveller
16100,Bronze_Traveller
16102,Bronze_Traveller
16106,Bronze_Traveller
16117,Platinum_Essential
16125,Gold_Silver_Traveller
16140,Gold_Silver_Traveller
16144,Gold_Silver_Essential
16154,Gold_Silver_Essential
16163,Gold_Silver_Traveller
16165,Platinum_Free
16167,Gold_Silver_Traveller
16172,Gold_Silver_Traveller
16173,Bronze_Traveller
16184,Bronze_Traveller
16193,Gold_Silver_Essential
16195,Gold_Silver_Free
16196,Gold_Silver_Traveller
16203,Platinum_Free
16205,Gold_Silver_Essential
16220,Gold_Silver_Essential
16227,Gold_Silver_Traveller
16229,Bronze_Traveller
16231,Bronze_Traveller
16234,Bronze_Traveller
16254,Gold_Silver_Traveller
16281,Gold_Silver_Essential
16287,Gold_Silver_Free
16292,Platinum_Essential
16294,Gold_Silver_Free
16295,Gold_Silver_Traveller
16301,Bronze_Traveller
16303,Bronze_Traveller
16306,Bronze_Traveller
16316,Gold_Silver_Essential
